-- Generated by scripts/migrate-old-sqlite.ts
-- Source database: /root/NekoDNS/OLD/database.db
-- Legacy bcrypt passwords are preserved. Users must reset passwords after migration.
-- Legacy verification/reset/bind tokens are intentionally not migrated.
PRAGMA foreign_keys = OFF;
INSERT OR IGNORE INTO users (id, username, email, password_hash, password_salt, role, email_verified_at, telegram_user_id, created_at, updated_at) VALUES ('usr_old_1', 'vahiru', 'nekovahiru@outlook.com', '$2b$10$f3PwOm0mprHexfYgHSwl5eDU3ex8Bfk9n0OJafkfflAzFgq2PrQHa', 'legacy-bcrypt', 'admin', '2025-10-29 16:03:44', '6465508212', '2025-10-29 16:03:44', '2025-10-29 16:03:44');
INSERT OR IGNORE INTO users (id, username, email, password_hash, password_salt, role, email_verified_at, telegram_user_id, created_at, updated_at) VALUES ('usr_old_2', 'Yuki', 'nekovahiru@gmail.com', '$2b$10$j5Dgx3UUGsc.rd3SNLc9RuF6fO8VVl1sU7X5DW0tOmxi3Wlq7vRAm', 'legacy-bcrypt', 'admin', '2025-10-29 16:04:47', '7778208274', '2025-10-29 16:04:47', '2025-10-29 16:04:47');
INSERT OR IGNORE INTO users (id, username, email, password_hash, password_salt, role, email_verified_at, telegram_user_id, created_at, updated_at) VALUES ('usr_old_3', 'chiyuki0325', 'me@chyk.ink', '$2b$10$I79dZNyfARZNtAZREUGxIOV0lUK02FglU8gVCQuvT.A3Xy/lmHA9i', 'legacy-bcrypt', 'admin', '2025-10-29 16:09:49', '1778185820', '2025-10-29 16:09:49', '2025-10-29 16:09:49');
INSERT OR IGNORE INTO users (id, username, email, password_hash, password_salt, role, email_verified_at, telegram_user_id, created_at, updated_at) VALUES ('usr_old_4', 'suzu', 'painia417@gmail.com', '$2b$10$8o7/Pf68EmJHzqbEsppdQeYli30ICiBIkTB4nOFcq7E6S1QPxLayK', 'legacy-bcrypt', 'user', '2025-10-30 16:41:21', NULL, '2025-10-30 16:41:21', '2025-10-30 16:41:21');
INSERT OR IGNORE INTO users (id, username, email, password_hash, password_salt, role, email_verified_at, telegram_user_id, created_at, updated_at) VALUES ('usr_old_5', 'Prslc', 'prslc113@gmail.com', '$2b$10$DZtUJGxuLyTuQfyHa17Mu.uz0Mjq53dA0Q.XUrnpCfZiRYC4Ae9z2', 'legacy-bcrypt', 'user', '2025-10-30 16:43:27', NULL, '2025-10-30 16:43:27', '2025-10-30 16:43:27');
INSERT OR IGNORE INTO users (id, username, email, password_hash, password_salt, role, email_verified_at, telegram_user_id, created_at, updated_at) VALUES ('usr_old_6', 'test', 'test@example.com', '$2b$10$lsBCl50XPoSAFcCItTeocugXvEPtKuKCyyMfRCbohIixzD6.b81fO', 'legacy-bcrypt', 'user', NULL, NULL, '2025-10-30 16:44:05', '2025-10-30 16:44:05');
INSERT OR IGNORE INTO users (id, username, email, password_hash, password_salt, role, email_verified_at, telegram_user_id, created_at, updated_at) VALUES ('usr_old_7', 'MoeHacker', 'moe-hacker@outlook.com', '$2b$10$CCJMvHhv3.NEfxPxeAh1cuPFCf6wwsuyvXPPib4/VHaS48ttbTQdu', 'legacy-bcrypt', 'user', '2025-11-01 16:09:40', NULL, '2025-11-01 16:09:40', '2025-11-01 16:09:40');
INSERT OR IGNORE INTO users (id, username, email, password_hash, password_salt, role, email_verified_at, telegram_user_id, created_at, updated_at) VALUES ('usr_old_8', 'Ckar', 'iscutecat@zer0code.cn', '$2b$10$312faeI5HYKTU1Xop1KnJ.z9N58/6cbiEGf7YEyr7D2uLujTVrQZ.', 'legacy-bcrypt', 'user', '2025-11-01 16:20:09', NULL, '2025-11-01 16:20:09', '2025-11-01 16:20:09');
INSERT OR IGNORE INTO users (id, username, email, password_hash, password_salt, role, email_verified_at, telegram_user_id, created_at, updated_at) VALUES ('usr_old_9', 'grassblock', 'i@gb0.dev', '$2b$10$Lp0QIo/lXn7dh2/E4lD72eUqYBaSJ/ciS.bz7qYME7GtsKRnlJkcm', 'legacy-bcrypt', 'user', '2025-11-02 16:07:42', NULL, '2025-11-02 16:07:42', '2025-11-02 16:07:42');
INSERT OR IGNORE INTO users (id, username, email, password_hash, password_salt, role, email_verified_at, telegram_user_id, created_at, updated_at) VALUES ('usr_old_10', 'AmamiyaMion', 'amamiya_mion@outlook.com', '$2b$10$ldD9LKKuibbRsw0kXE8I..PXyI5Q3qMgVEjjMFzlTfDFifxtywYsm', 'legacy-bcrypt', 'user', '2025-11-02 16:10:33', NULL, '2025-11-02 16:10:33', '2025-11-02 16:10:33');
INSERT OR IGNORE INTO users (id, username, email, password_hash, password_salt, role, email_verified_at, telegram_user_id, created_at, updated_at) VALUES ('usr_old_11', '8192Bit', '2861035582@qq.com', '$2b$10$wzgF0fUa/84uIF8amlarquDac.MHjalO3yq5j4Gg5OKBW.GS/n7Ni', 'legacy-bcrypt', 'user', '2025-11-02 16:27:51', NULL, '2025-11-02 16:27:51', '2025-11-02 16:27:51');
INSERT OR IGNORE INTO users (id, username, email, password_hash, password_salt, role, email_verified_at, telegram_user_id, created_at, updated_at) VALUES ('usr_old_12', 'ctrlcvs', 'ctrlcvs@uwu.cat', '$2b$10$reqepOLDxHXtv4HgKmt6NeVZErI8V1s6Lo79nwdzRjmoumJ1Pikg2', 'legacy-bcrypt', 'user', '2025-11-02 16:38:37', NULL, '2025-11-02 16:38:37', '2025-11-02 16:38:37');
INSERT OR IGNORE INTO users (id, username, email, password_hash, password_salt, role, email_verified_at, telegram_user_id, created_at, updated_at) VALUES ('usr_old_13', 'apple_catwaii', 'apple_qaq@outlook.com', '$2b$10$f19V2JmdRnwieIAe.9Ddo.UPpWsvJurzkw2rxw7jxghX4Xo2MTKm.', 'legacy-bcrypt', 'user', '2025-11-02 17:29:53', NULL, '2025-11-02 17:29:53', '2025-11-02 17:29:53');
INSERT OR IGNORE INTO users (id, username, email, password_hash, password_salt, role, email_verified_at, telegram_user_id, created_at, updated_at) VALUES ('usr_old_14', 'Zehua', 'zehuatang@outlook.com', '$2b$10$rZhFu7fyCo94Thuc71ned.Wslie.Zohd9AnOpGY9caMjdWEqAdJue', 'legacy-bcrypt', 'user', '2025-11-02 21:03:37', NULL, '2025-11-02 21:03:37', '2025-11-02 21:03:37');
INSERT OR IGNORE INTO users (id, username, email, password_hash, password_salt, role, email_verified_at, telegram_user_id, created_at, updated_at) VALUES ('usr_old_15', 'liolok', 'is-cute.cat@liolok.com', '$2b$10$XWpbIoz8ZhLH0g82yH0RQ.iFA.Cg8zEsYN9qzo/A4cyLMhWpMN/5e', 'legacy-bcrypt', 'user', '2025-11-03 09:49:21', NULL, '2025-11-03 09:49:21', '2025-11-03 09:49:21');
INSERT OR IGNORE INTO users (id, username, email, password_hash, password_salt, role, email_verified_at, telegram_user_id, created_at, updated_at) VALUES ('usr_old_16', 'Mashirl', 'Mashirl@outlook.jp', '$2b$10$B2e/tpcRu4.44dzRHu/ZEu.ekLMqRVKNfUJGMITMvm.MNQoEymqFG', 'legacy-bcrypt', 'user', NULL, NULL, '2025-11-03 10:26:24', '2025-11-03 10:26:24');
INSERT OR IGNORE INTO users (id, username, email, password_hash, password_salt, role, email_verified_at, telegram_user_id, created_at, updated_at) VALUES ('usr_old_17', 'mashirl', 'mashirl@outlook.jp', '$2b$10$AQHbzEw3C4nQCoHA3s6tJ.IYC0kJTkTrCIk8zH.pWItaBWRDh7jpu', 'legacy-bcrypt', 'admin', '2025-11-03 10:26:45', '6885742723', '2025-11-03 10:26:45', '2025-11-03 10:26:45');
INSERT OR IGNORE INTO users (id, username, email, password_hash, password_salt, role, email_verified_at, telegram_user_id, created_at, updated_at) VALUES ('usr_old_18', 'o0kam1', 'duzhaokun2@gmail.com', '$2b$10$wjXwBbpfSbRLFQ5LDCIcxehpY26yB8kS0Cqsk8ustMEdHNQrzDytS', 'legacy-bcrypt', 'user', '2025-11-03 12:42:16', NULL, '2025-11-03 12:42:16', '2025-11-03 12:42:16');
INSERT OR IGNORE INTO users (id, username, email, password_hash, password_salt, role, email_verified_at, telegram_user_id, created_at, updated_at) VALUES ('usr_old_19', 'nvirellia', 'noa@requiem.garden', '$2b$10$88OGDocGLx8zdMMji1a4ceigkU15ep8P.BNT49QDtVllLU5SorzsW', 'legacy-bcrypt', 'user', '2025-11-04 02:36:00', NULL, '2025-11-04 02:36:00', '2025-11-04 02:36:00');
INSERT OR IGNORE INTO users (id, username, email, password_hash, password_salt, role, email_verified_at, telegram_user_id, created_at, updated_at) VALUES ('usr_old_20', 'libxcnya', 'me@xcnya.cn', '$2b$10$kNOvfqIe.JcrBj0O7GnlBux8Bk/o6Y34lBqHVIEJulyKIK7CoGK06', 'legacy-bcrypt', 'user', NULL, NULL, '2026-01-13 16:09:33', '2026-01-13 16:09:33');
INSERT OR IGNORE INTO dns_records (id, user_id, type, name, content, ttl, proxied, cloudflare_record_id, status, created_at, updated_at) VALUES ('0a5e45d9e517ad77ee39dd8069e4b021', 'usr_old_1', 'CNAME', 'www.is-cute.cat', 'iscatdns.netlify.app', 3600, 0, NULL, 'active', '2025-11-02 17:11:09', '2025-11-02 17:11:09');
INSERT OR IGNORE INTO dns_records (id, user_id, type, name, content, ttl, proxied, cloudflare_record_id, status, created_at, updated_at) VALUES ('1ced13ceb9a8cf975359f0e39387dbe0', 'usr_old_17', 'CNAME', 'mashirl.is-cute.cat', 'mashirl.com', 3600, 0, NULL, 'active', '2025-11-03 14:24:50', '2025-11-03 14:24:50');
INSERT OR IGNORE INTO dns_records (id, user_id, type, name, content, ttl, proxied, cloudflare_record_id, status, created_at, updated_at) VALUES ('487e3c3e8c3774f4d0d9e55ea21eec6a', 'usr_old_1', 'A', 'is-cute.cat', '75.2.60.5', 3600, 0, NULL, 'active', '2025-11-02 17:11:06', '2025-11-02 17:11:06');
INSERT OR IGNORE INTO dns_records (id, user_id, type, name, content, ttl, proxied, cloudflare_record_id, status, created_at, updated_at) VALUES ('65c59ac66f69a9149831589787974159', 'usr_old_3', 'CNAME', 'chiyuki.is-cute.cat', 'd5e371aeb6025a6d.vercel-dns-017.com', 3600, 0, NULL, 'active', '2025-11-02 12:57:11', '2025-11-02 12:57:11');
INSERT OR IGNORE INTO dns_records (id, user_id, type, name, content, ttl, proxied, cloudflare_record_id, status, created_at, updated_at) VALUES ('6f78b347c5fa74a352e8de84d384797f', 'usr_old_10', 'CNAME', 'mion.is-cute.cat', 'amamiyamion.github.io', 3600, 0, NULL, 'active', '2025-11-02 16:23:16', '2025-11-02 16:23:16');
INSERT OR IGNORE INTO dns_records (id, user_id, type, name, content, ttl, proxied, cloudflare_record_id, status, created_at, updated_at) VALUES ('998157b7f043cd6d1697d659d1c426a3', 'usr_old_9', 'CNAME', 'grassblock.is-cute.cat', 'gb-is-a-cute-cat.pages.dev', 3600, 1, NULL, 'active', '2025-11-03 14:24:53', '2025-11-03 14:24:53');
INSERT OR IGNORE INTO applications (id, user_id, request_type, target_dns_record_id, subdomain, record_type, record_value, purpose, status, admin_notes, ttl, proxied, voting_deadline_at, telegram_message_id, created_at, updated_at) VALUES ('app_old_1', 'usr_old_1', 'create', NULL, 'tset.is-cute.cat', 'A', '192.168.1.1', 'qqq', 'approved', '快速通道批准 (赞成: 2, 反对: 0)', 3600, 0, '2025-10-30T04:07:48.848Z', '60', '2025-10-29 16:07:48', '2025-10-29 16:07:48');
INSERT OR IGNORE INTO applications (id, user_id, request_type, target_dns_record_id, subdomain, record_type, record_value, purpose, status, admin_notes, ttl, proxied, voting_deadline_at, telegram_message_id, created_at, updated_at) VALUES ('app_old_2', 'usr_old_1', 'create', NULL, 'tset.is-cute.cat.is-cute.cat', 'A', '192.168.1.2', '更新记录 ID: 8e805fd316c4fe0552b620cc77b864ba', 'error', 'Cloudflare 操作失败', 3600, 0, '2025-10-30T04:11:11.565Z', '61', '2025-10-29 16:11:11', '2025-10-29 16:11:11');
INSERT OR IGNORE INTO applications (id, user_id, request_type, target_dns_record_id, subdomain, record_type, record_value, purpose, status, admin_notes, ttl, proxied, voting_deadline_at, telegram_message_id, created_at, updated_at) VALUES ('app_old_3', 'usr_old_3', 'create', NULL, 'chiyuki.is-cute.cat', 'CNAME', 'cname-china.vercel-dns.com', '猫博客', 'error', 'Cloudflare 操作失败', 3600, 0, '2025-10-30T04:18:41.218Z', '62', '2025-10-29 16:18:41', '2025-10-29 16:18:41');
INSERT OR IGNORE INTO applications (id, user_id, request_type, target_dns_record_id, subdomain, record_type, record_value, purpose, status, admin_notes, ttl, proxied, voting_deadline_at, telegram_message_id, created_at, updated_at) VALUES ('app_old_4', 'usr_old_1', 'create', NULL, 'test.is-cute.cat', 'CNAME', 'example.com', '1234', 'error', 'Cloudflare 操作失败', 3600, 0, '2025-10-30T07:01:41.885Z', '72', '2025-10-29 19:01:41', '2025-10-29 19:01:41');
INSERT OR IGNORE INTO applications (id, user_id, request_type, target_dns_record_id, subdomain, record_type, record_value, purpose, status, admin_notes, ttl, proxied, voting_deadline_at, telegram_message_id, created_at, updated_at) VALUES ('app_old_5', 'usr_old_1', 'create', NULL, 'tset.is-cute.cat.is-cute.cat', 'A', '192.168.1.2', '更新记录 ID: 8e805fd316c4fe0552b620cc77b864ba', 'approved', '快速通道批准 (赞成: 2, 反对: 0)', 3600, 0, '2025-10-30T07:19:37.011Z', '73', '2025-10-29 19:19:37', '2025-10-29 19:19:37');
INSERT OR IGNORE INTO applications (id, user_id, request_type, target_dns_record_id, subdomain, record_type, record_value, purpose, status, admin_notes, ttl, proxied, voting_deadline_at, telegram_message_id, created_at, updated_at) VALUES ('app_old_6', 'usr_old_1', 'update', NULL, 'tset.is-cute.cat', 'A', '192.168.1.2', '更新记录 ID: 8e805fd316c4fe0552b620cc77b864ba', 'error', 'Cloudflare 操作失败 | Legacy target record missing during migration: 8e805fd316c4fe0552b620cc77b864ba', 3600, 1, '2025-10-30T07:33:54.378Z', '74', '2025-10-29 19:33:54', '2025-10-29 19:33:54');
INSERT OR IGNORE INTO applications (id, user_id, request_type, target_dns_record_id, subdomain, record_type, record_value, purpose, status, admin_notes, ttl, proxied, voting_deadline_at, telegram_message_id, created_at, updated_at) VALUES ('app_old_7', 'usr_old_1', 'update', NULL, 'tset.is-cute.cat', 'A', '192.168.1.2', '更新记录 ID: 8e805fd316c4fe0552b620cc77b864ba', 'approved', '快速通道批准 (赞成: 2, 反对: 0) | Legacy target record missing during migration: 8e805fd316c4fe0552b620cc77b864ba', 3600, 0, '2025-10-30T07:35:52.320Z', '76', '2025-10-29 19:35:52', '2025-10-29 19:35:52');
INSERT OR IGNORE INTO applications (id, user_id, request_type, target_dns_record_id, subdomain, record_type, record_value, purpose, status, admin_notes, ttl, proxied, voting_deadline_at, telegram_message_id, created_at, updated_at) VALUES ('app_old_8', 'usr_old_3', 'create', NULL, 'chiyuki.is-cute.cat', 'CNAME', 'cname-china.vercel-dns.com', '猫。', 'error', 'Cloudflare 操作失败', 3600, 0, '2025-10-30T11:16:49.883Z', '77', '2025-10-29 23:16:49', '2025-10-29 23:16:49');
INSERT OR IGNORE INTO applications (id, user_id, request_type, target_dns_record_id, subdomain, record_type, record_value, purpose, status, admin_notes, ttl, proxied, voting_deadline_at, telegram_message_id, created_at, updated_at) VALUES ('app_old_9', 'usr_old_3', 'create', NULL, 'chiyuki.is-cute.cat', 'CNAME', 'd5e371aeb6025a6d.vercel-dns-017.com', '猫博客。', 'approved', '快速通道批准 (赞成: 2, 反对: 0)', 3600, 0, '2025-11-03T00:55:11.885Z', '80', '2025-11-02 12:55:11', '2025-11-02 12:55:11');
INSERT OR IGNORE INTO applications (id, user_id, request_type, target_dns_record_id, subdomain, record_type, record_value, purpose, status, admin_notes, ttl, proxied, voting_deadline_at, telegram_message_id, created_at, updated_at) VALUES ('app_old_10', 'usr_old_9', 'create', NULL, 'grassblock.is-cute.cat', 'A', '1.14.5.14', '喵', 'rejected', '快速通道拒绝 (赞成: 0, 反对: 2)', 3600, 1, '2025-11-03T04:10:38.021Z', '81', '2025-11-02 16:10:38', '2025-11-02 16:10:38');
INSERT OR IGNORE INTO applications (id, user_id, request_type, target_dns_record_id, subdomain, record_type, record_value, purpose, status, admin_notes, ttl, proxied, voting_deadline_at, telegram_message_id, created_at, updated_at) VALUES ('app_old_11', 'usr_old_10', 'create', NULL, 'mion.is-cute.cat', 'CNAME', 'amamiyamion.github.io', '跳转到我的 GitHub Pages Blog（虽然现在还是空的（x', 'approved', '快速通道批准 (赞成: 2, 反对: 0)', 3600, 0, '2025-11-03T04:16:27.449Z', '82', '2025-11-02 16:16:27', '2025-11-02 16:16:27');
INSERT OR IGNORE INTO applications (id, user_id, request_type, target_dns_record_id, subdomain, record_type, record_value, purpose, status, admin_notes, ttl, proxied, voting_deadline_at, telegram_message_id, created_at, updated_at) VALUES ('app_old_12', 'usr_old_12', 'create', NULL, 'ctrlcvs.is-cute.cat', 'CNAME', 'uwu.cat', '搞一个玩玩', 'rejected', '快速通道拒绝 (赞成: 0, 反对: 2)', 3600, 0, '2025-11-03T04:41:13.544Z', '84', '2025-11-02 16:41:13', '2025-11-02 16:41:13');
INSERT OR IGNORE INTO applications (id, user_id, request_type, target_dns_record_id, subdomain, record_type, record_value, purpose, status, admin_notes, ttl, proxied, voting_deadline_at, telegram_message_id, created_at, updated_at) VALUES ('app_old_13', 'usr_old_1', 'create', NULL, 'is-cute.cat', 'A', '75.2.60.5', '一个通过Netlify托管的用于维持域名合规性的页面', 'approved', '快速通道批准 (赞成: 2, 反对: 0)', 3600, 0, '2025-11-03T05:09:22.722Z', '85', '2025-11-02 17:09:22', '2025-11-02 17:09:22');
INSERT OR IGNORE INTO applications (id, user_id, request_type, target_dns_record_id, subdomain, record_type, record_value, purpose, status, admin_notes, ttl, proxied, voting_deadline_at, telegram_message_id, created_at, updated_at) VALUES ('app_old_14', 'usr_old_1', 'create', NULL, 'www.is-cute.cat', 'CNAME', 'iscatdns.netlify.app', '用于将www前缀重定向至合法性页面', 'approved', '快速通道批准 (赞成: 2, 反对: 0)', 3600, 0, '2025-11-03T05:10:33.629Z', '86', '2025-11-02 17:10:33', '2025-11-02 17:10:33');
INSERT OR IGNORE INTO applications (id, user_id, request_type, target_dns_record_id, subdomain, record_type, record_value, purpose, status, admin_notes, ttl, proxied, voting_deadline_at, telegram_message_id, created_at, updated_at) VALUES ('app_old_15', 'usr_old_9', 'create', NULL, 'grassblock.is-cute.cat', 'CNAME', 'gb-is-a-cute-cat.pages.dev', '设置到个人实验室的跳转', 'approved', '快速通道批准 (赞成: 2, 反对: 0)', 3600, 1, '2025-11-03T22:06:29.475Z', '87', '2025-11-03 10:06:29', '2025-11-03 10:06:29');
INSERT OR IGNORE INTO applications (id, user_id, request_type, target_dns_record_id, subdomain, record_type, record_value, purpose, status, admin_notes, ttl, proxied, voting_deadline_at, telegram_message_id, created_at, updated_at) VALUES ('app_old_16', 'usr_old_17', 'create', NULL, 'mashirl.is-cute.cat', 'CNAME', 'mashirl.com', '用于个人博客跳转', 'approved', '快速通道批准 (赞成: 2, 反对: 0)', 3600, 0, '2025-11-03T22:28:24.629Z', '88', '2025-11-03 10:28:24', '2025-11-03 10:28:24');
INSERT OR IGNORE INTO application_votes (id, application_id, admin_user_id, admin_telegram_user_id, vote_type, source, created_at) VALUES ('vote_old_1', 'app_old_1', 'usr_old_1', '6465508212', 'approve', 'telegram', '2025-10-29 16:07:54');
INSERT OR IGNORE INTO application_votes (id, application_id, admin_user_id, admin_telegram_user_id, vote_type, source, created_at) VALUES ('vote_old_2', 'app_old_1', 'usr_old_2', '7778208274', 'approve', 'telegram', '2025-10-29 16:08:01');
INSERT OR IGNORE INTO application_votes (id, application_id, admin_user_id, admin_telegram_user_id, vote_type, source, created_at) VALUES ('vote_old_4', 'app_old_3', 'usr_old_1', '6465508212', 'approve', 'telegram', '2025-10-29 18:58:56');
INSERT OR IGNORE INTO application_votes (id, application_id, admin_user_id, admin_telegram_user_id, vote_type, source, created_at) VALUES ('vote_old_5', 'app_old_3', 'usr_old_2', '7778208274', 'approve', 'telegram', '2025-10-29 18:59:04');
INSERT OR IGNORE INTO application_votes (id, application_id, admin_user_id, admin_telegram_user_id, vote_type, source, created_at) VALUES ('vote_old_6', 'app_old_2', 'usr_old_2', '7778208274', 'approve', 'telegram', '2025-10-29 19:00:03');
INSERT OR IGNORE INTO application_votes (id, application_id, admin_user_id, admin_telegram_user_id, vote_type, source, created_at) VALUES ('vote_old_7', 'app_old_2', 'usr_old_1', '6465508212', 'approve', 'telegram', '2025-10-29 19:00:13');
INSERT OR IGNORE INTO application_votes (id, application_id, admin_user_id, admin_telegram_user_id, vote_type, source, created_at) VALUES ('vote_old_8', 'app_old_4', 'usr_old_1', '6465508212', 'approve', 'telegram', '2025-10-29 19:01:44');
INSERT OR IGNORE INTO application_votes (id, application_id, admin_user_id, admin_telegram_user_id, vote_type, source, created_at) VALUES ('vote_old_9', 'app_old_4', 'usr_old_2', '7778208274', 'approve', 'telegram', '2025-10-29 19:01:52');
INSERT OR IGNORE INTO application_votes (id, application_id, admin_user_id, admin_telegram_user_id, vote_type, source, created_at) VALUES ('vote_old_10', 'app_old_5', 'usr_old_2', '7778208274', 'approve', 'telegram', '2025-10-29 19:19:44');
INSERT OR IGNORE INTO application_votes (id, application_id, admin_user_id, admin_telegram_user_id, vote_type, source, created_at) VALUES ('vote_old_11', 'app_old_5', 'usr_old_1', '6465508212', 'approve', 'telegram', '2025-10-29 19:19:54');
INSERT OR IGNORE INTO application_votes (id, application_id, admin_user_id, admin_telegram_user_id, vote_type, source, created_at) VALUES ('vote_old_12', 'app_old_6', 'usr_old_1', '6465508212', 'approve', 'telegram', '2025-10-29 19:34:00');
INSERT OR IGNORE INTO application_votes (id, application_id, admin_user_id, admin_telegram_user_id, vote_type, source, created_at) VALUES ('vote_old_13', 'app_old_6', 'usr_old_2', '7778208274', 'approve', 'telegram', '2025-10-29 19:34:04');
INSERT OR IGNORE INTO application_votes (id, application_id, admin_user_id, admin_telegram_user_id, vote_type, source, created_at) VALUES ('vote_old_14', 'app_old_7', 'usr_old_2', '7778208274', 'approve', 'telegram', '2025-10-29 19:35:54');
INSERT OR IGNORE INTO application_votes (id, application_id, admin_user_id, admin_telegram_user_id, vote_type, source, created_at) VALUES ('vote_old_15', 'app_old_7', 'usr_old_1', '6465508212', 'approve', 'telegram', '2025-10-29 19:36:01');
INSERT OR IGNORE INTO application_votes (id, application_id, admin_user_id, admin_telegram_user_id, vote_type, source, created_at) VALUES ('vote_old_20', 'app_old_8', 'usr_old_3', '1778185820', 'approve', 'telegram', '2025-10-29 23:27:36');
INSERT OR IGNORE INTO application_votes (id, application_id, admin_user_id, admin_telegram_user_id, vote_type, source, created_at) VALUES ('vote_old_21', 'app_old_8', 'usr_old_1', '6465508212', 'approve', 'telegram', '2025-10-30 04:47:30');
INSERT OR IGNORE INTO application_votes (id, application_id, admin_user_id, admin_telegram_user_id, vote_type, source, created_at) VALUES ('vote_old_22', 'app_old_9', 'usr_old_3', '1778185820', 'approve', 'telegram', '2025-11-02 12:55:29');
INSERT OR IGNORE INTO application_votes (id, application_id, admin_user_id, admin_telegram_user_id, vote_type, source, created_at) VALUES ('vote_old_23', 'app_old_9', 'usr_old_1', '6465508212', 'approve', 'telegram', '2025-11-02 12:57:10');
INSERT OR IGNORE INTO application_votes (id, application_id, admin_user_id, admin_telegram_user_id, vote_type, source, created_at) VALUES ('vote_old_25', 'app_old_11', 'usr_old_1', '6465508212', 'approve', 'telegram', '2025-11-02 16:16:33');
INSERT OR IGNORE INTO application_votes (id, application_id, admin_user_id, admin_telegram_user_id, vote_type, source, created_at) VALUES ('vote_old_26', 'app_old_10', 'usr_old_3', '1778185820', 'deny', 'telegram', '2025-11-02 16:22:47');
INSERT OR IGNORE INTO application_votes (id, application_id, admin_user_id, admin_telegram_user_id, vote_type, source, created_at) VALUES ('vote_old_27', 'app_old_11', 'usr_old_3', '1778185820', 'approve', 'telegram', '2025-11-02 16:23:16');
INSERT OR IGNORE INTO application_votes (id, application_id, admin_user_id, admin_telegram_user_id, vote_type, source, created_at) VALUES ('vote_old_28', 'app_old_10', 'usr_old_1', '6465508212', 'deny', 'telegram', '2025-11-02 16:29:24');
INSERT OR IGNORE INTO application_votes (id, application_id, admin_user_id, admin_telegram_user_id, vote_type, source, created_at) VALUES ('vote_old_29', 'app_old_12', 'usr_old_3', '1778185820', 'deny', 'telegram', '2025-11-02 16:41:51');
INSERT OR IGNORE INTO application_votes (id, application_id, admin_user_id, admin_telegram_user_id, vote_type, source, created_at) VALUES ('vote_old_30', 'app_old_13', 'usr_old_3', '1778185820', 'approve', 'telegram', '2025-11-02 17:10:21');
INSERT OR IGNORE INTO application_votes (id, application_id, admin_user_id, admin_telegram_user_id, vote_type, source, created_at) VALUES ('vote_old_31', 'app_old_14', 'usr_old_3', '1778185820', 'approve', 'telegram', '2025-11-02 17:10:50');
INSERT OR IGNORE INTO application_votes (id, application_id, admin_user_id, admin_telegram_user_id, vote_type, source, created_at) VALUES ('vote_old_32', 'app_old_13', 'usr_old_1', '6465508212', 'approve', 'telegram', '2025-11-02 17:11:05');
INSERT OR IGNORE INTO application_votes (id, application_id, admin_user_id, admin_telegram_user_id, vote_type, source, created_at) VALUES ('vote_old_33', 'app_old_14', 'usr_old_1', '6465508212', 'approve', 'telegram', '2025-11-02 17:11:09');
INSERT OR IGNORE INTO application_votes (id, application_id, admin_user_id, admin_telegram_user_id, vote_type, source, created_at) VALUES ('vote_old_34', 'app_old_12', 'usr_old_1', '6465508212', 'deny', 'telegram', '2025-11-02 17:15:41');
INSERT OR IGNORE INTO application_votes (id, application_id, admin_user_id, admin_telegram_user_id, vote_type, source, created_at) VALUES ('vote_old_35', 'app_old_15', 'usr_old_3', '1778185820', 'approve', 'telegram', '2025-11-03 10:33:30');
INSERT OR IGNORE INTO application_votes (id, application_id, admin_user_id, admin_telegram_user_id, vote_type, source, created_at) VALUES ('vote_old_36', 'app_old_16', 'usr_old_3', '1778185820', 'approve', 'telegram', '2025-11-03 10:33:31');
INSERT OR IGNORE INTO application_votes (id, application_id, admin_user_id, admin_telegram_user_id, vote_type, source, created_at) VALUES ('vote_old_37', 'app_old_16', 'usr_old_1', '6465508212', 'approve', 'telegram', '2025-11-03 14:24:49');
INSERT OR IGNORE INTO application_votes (id, application_id, admin_user_id, admin_telegram_user_id, vote_type, source, created_at) VALUES ('vote_old_38', 'app_old_15', 'usr_old_1', '6465508212', 'approve', 'telegram', '2025-11-03 14:24:53');
PRAGMA foreign_keys = ON;
